{"assets/app_images/pix.png":["assets/app_images/pix.png"],"assets/fruits/apple.png":["assets/fruits/apple.png"],"assets/fruits/grape.png":["assets/fruits/grape.png"],"assets/fruits/guava.png":["assets/fruits/guava.png"],"assets/fruits/kiwi.png":["assets/fruits/kiwi.png"],"assets/fruits/mango.png":["assets/fruits/mango.png"],"assets/fruits/papaya.png":["assets/fruits/papaya.png"],"packages/cupertino_icons/assets/CupertinoIcons.ttf":["packages/cupertino_icons/assets/CupertinoIcons.ttf"],"packages/fluttertoast/assets/toastify.css":["packages/fluttertoast/assets/toastify.css"],"packages/fluttertoast/assets/toastify.js":["packages/fluttertoast/assets/toastify.js"]}